{
	"format_version": "1.8.0",
	"animations": {
		"animation.petilil.ground_idle": {
			"loop": true,
			"bones": {
				"head": {
					"rotation": [0, 0, "-2*math.sin(q.anim_time*180-90)*1"]
				},
				"arm_left": {
					"rotation": [0, 0, "-1.5*math.sin(q.anim_time*360-90)*1"]
				},
				"body": {
					"rotation": [0, "1.5*math.sin(q.anim_time*360-90)*1", "2.5*math.sin(q.anim_time*180-90)*1-2*math.sin(q.anim_time*180-90)*1"],
					"position": [0, 0, 0]
				},
				"arm_right": {
					"rotation": [0, 0, "-1.5*math.sin(q.anim_time*360-90)*1"]
				},
				"leaf_right": {
					"rotation": ["2.5*math.sin(q.anim_time*180-90)*1", 0, "2.5*math.sin(q.anim_time*180-90)*1"]
				},
				"leaf_front": {
					"rotation": [0, "-2.5*math.sin(q.anim_time*180-90)*1", 0]
				},
				"leaf_left": {
					"rotation": ["2.5*math.sin(q.anim_time*180-90)*1", 0, "2.5*math.sin(q.anim_time*180-90)*1"]
				}
			}
		},
		"animation.petilil.ground_walk": {
			"loop": true,
			"animation_length": 0.91667,
			"bones": {
				"head": {
					"rotation": {
						"0.0": [0, 0, 0],
						"0.25": [17.5, 0, 0],
						"0.375": [-12.5, 0, 0],
						"0.5": [7.5, 0, 0],
						"0.625": [20, 0, 0],
						"0.7917": [0, 0, 0],
						"0.8333": [0, 0, 0]
					},
					"position": {
						"0.0": [0, 0, 0],
						"0.25": [0, -0.25, 0],
						"0.7083": [0, -0.75, 0],
						"0.7917": [0, 0, 0],
						"0.8333": [0, 0, 0]
					}
				},
				"arm_left": {
					"rotation": {
						"0.0": [0, 0, 0],
						"0.25": [0, 15, 0],
						"0.375": [0, -12.5, 0],
						"0.6667": [0, 12.5, 0],
						"0.8333": [0, 0, 0]
					}
				},
				"body": {
					"rotation": {
						"0.0": [0, 0, 0],
						"0.25": [7.5, 0, 0],
						"0.375": [-15, 0, 0],
						"0.6667": [-5, 0, 0],
						"0.75": [0, 0, 0]
					},
					"position": {
						"0.0": [0, 0, 0],
						"0.25": [0, -0.25, 0],
						"0.375": [0, 1.75, 0],
						"0.6667": [0, -0.25, 0],
						"0.7083": [0, -0.5, 0],
						"0.7917": [0, 0, 0]
					}
				},
				"arm_right": {
					"rotation": {
						"0.0": [0, 0, 0],
						"0.25": [0, -15, 0],
						"0.375": [0, 17.5, 0],
						"0.6667": [0, -15, 0],
						"0.8333": [0, 0, 0]
					}
				},
				"leaf_right": {
					"rotation": {
						"0.0": [0, 0, 0],
						"0.25": [-2.18558, 9.76061, -12.68664],
						"0.375": [20.88045, 9.96156, 5.07673],
						"0.5": [-19.26175, 9.05478, -25.33761],
						"0.625": [0, 0, 0],
						"0.7083": [10, 0, 10],
						"0.9167": [0, 0, 0]
					}
				},
				"leaf_front": {
					"rotation": {
						"0.0": [0, 0, 0],
						"0.25": [-10, 0, 0],
						"0.375": [17.5, 0, 0],
						"0.5": [-20, 0, 0],
						"0.625": [0, 0, 0],
						"0.6667": [7.5, 0, 0],
						"0.9167": [0, 0, 0]
					}
				},
				"leaf_left": {
					"rotation": {
						"0.0": [0, 0, 0],
						"0.25": [-0.88045, -9.96156, 5.07673],
						"0.375": [23.16218, -5.18338, -6.57951],
						"0.5": [-14.8468, -5.40407, 17.39754],
						"0.625": [0, 0, 0],
						"0.7083": [10, 0, -10],
						"0.9167": [0, 0, 0]
					}
				}
			}
		},
		"animation.petilil.blink": {
			"animation_length": 0.5,
			"bones": {
				"eye_right": {
					"position": {
						"0.0": [0, 0, 0],
						"0.2083": [0, 0, 0],
						"0.25": [0, 0, 1],
						"0.2917": [0, 0, 0],
						"0.5": [0, 0, 0]
					}
				},
				"eye_left": {
					"position": {
						"0.0": [0, 0, 0],
						"0.2083": [0, 0, 0],
						"0.25": [0, 0, 1],
						"0.2917": [0, 0, 0],
						"0.5": [0, 0, 0]
					}
				}
			}
		}
	}
}