{
	"format_version": "1.8.0",
	"animations": {
		"animation.golisopod.ground_idle": {
			"loop": true,
			"animation_length": 1,
			"bones": {
				"torso": {
					"rotation": {
						"0.0": [0, 0, 0],
						"0.2917": [-5, 0, 0],
						"0.625": [0, 0, 0]
					}
				},
				"head": {
					"rotation": {
						"0.0": [5, 0, 0],
						"0.2083": [0, 0, 0],
						"0.375": [5, 0, 0],
						"0.5417": [0, 0, 0],
						"0.7083": [5, 0, 0]
					}
				},
				"mini_four": {
					"rotation": {
						"0.0": [0, 0, 20],
						"0.375": [0, 0, 32.5],
						"0.75": [0, 0, 20]
					}
				},
				"mini_three": {
					"relative_to": {
						"rotation": "entity"
					},
					"rotation": {
						"0.0": [13.35561, 69.15681, 51.94334],
						"0.375": [-2.41756, 71.58368, 53.76827],
						"0.75": [13.35561, 69.15681, 51.94334]
					},
					"position": {
						"0.0": [-1, -2, 1],
						"0.375": [-2, -3, 1],
						"0.75": [-1, -2, 1]
					}
				},
				"mini_two": {
					"rotation": {
						"0.0": [-31.10825, -39.14166, -60.84092],
						"0.375": [6.39, -39.14, -60.84],
						"0.75": [-31.10825, -39.14166, -60.84092]
					},
					"position": {
						"0.0": [-6, -3, 6],
						"0.375": [-6, -1, 4],
						"0.75": [-6, -3, 6]
					}
				},
				"mini_one": {
					"rotation": {
						"0.0": [-13.3556, -69.1568, -51.9433],
						"0.375": [2.4176, -71.5837, -53.7683],
						"0.75": [-13.3556, -69.1568, -51.9433]
					},
					"position": [1, -1, 2]
				},
				"shell_back": {
					"rotation": {
						"0.0": [-2.5, 0, 0],
						"0.1667": [2.5, 0, 0],
						"0.4583": [-2.5, 0, 0]
					}
				},
				"left_big_arm": {
					"rotation": {
						"0.0": [0, -45, -45],
						"0.375": [-17.5, -62.5, -45],
						"0.75": [0, -45, -45]
					},
					"position": {
						"0.0": [5, -8, 0],
						"0.75": [5, -8, 0]
					}
				},
				"right_big_arm": {
					"rotation": {
						"0.0": [0, 45, 45],
						"0.375": [17, 62, 45],
						"0.75": [0, 45, 45]
					},
					"position": {
						"0.0": [-4, -9, -1],
						"0.75": [-4, -9, -1]
					}
				},
				"left_bicep": {
					"rotation": [0, 0, -47.5]
				},
				"rightbicep": {
					"rotation": [2.60293, 4.72345, 44.75707]
				},
				"minijointone": {
					"rotation": {
						"0.0": [0, 0, -30],
						"0.375": [0, 0, -38],
						"0.75": [0, 0, -30]
					},
					"position": [0, 0, 0]
				},
				"minijointtwo": {
					"rotation": {
						"0.0": [0, 0, -25],
						"0.375": [0, 5, -30],
						"0.75": [0, 0, -25]
					}
				},
				"minijointthree": {
					"rotation": {
						"0.0": [0, 0, 30],
						"0.375": [0, 0, 37.5],
						"0.75": [0, 0, 30]
					},
					"position": [0, 0, 0]
				},
				"minijointfour": {
					"rotation": [0, 0, 0]
				},
				"mainarmfour": {
					"rotation": {
						"0.0": [0, 47.5, 0],
						"0.375": [0, 65, 0],
						"0.75": [0, 47.5, 0]
					},
					"position": [1, 0, 0]
				}
			}
		},
		"animation.golisopod.ground_walk": {
			"loop": true,
			"animation_length": 1.58333,
			"bones": {
				"torso": {
					"rotation": {
						"0.0": [-10, 0, 0],
						"0.375": [0, 0, 0],
						"0.8333": [-10, 0, 0],
						"1.1667": [0, 0, 0],
						"1.5833": [-10, 0, 0]
					}
				},
				"crotch": {
					"rotation": {
						"0.0": [-5.05766, 9.98078, -0.44192],
						"0.375": [0, 0, 0],
						"0.9167": [-7.02292, -11.39384, 0.90459],
						"1.5833": [-5.05766, 9.98078, -0.44192]
					},
					"position": [0, 0, 0]
				},
				"left_leg": {
					"rotation": {
						"0.0": [10, 10, 0],
						"0.2917": [10, 10, 0],
						"0.875": [-22.5, 10, 0],
						"1.25": [10, -5, 0],
						"1.5417": [10, 10, 0]
					},
					"position": {
						"0.0": [0, 0, 0],
						"0.2917": [0, 0, 0],
						"0.875": [0, 0, 0],
						"1.25": [0, 0, 0],
						"1.5417": [0, 0, 0]
					}
				},
				"head": {
					"rotation": {
						"0.0": [-5, 0, 0],
						"0.4167": [5, 0, 0],
						"0.9167": [-5, 0, 0],
						"1.1667": [5, 0, 0],
						"1.5417": [-5, 0, 0]
					}
				},
				"minijointone": {
					"rotation": {
						"0.0": [-10, 0, 0],
						"0.375": [0, 0, 0],
						"0.8333": [-10, 0, 0],
						"1.1667": [0, 0, 0],
						"1.5833": [-10, 0, 0]
					},
					"position": {
						"0.0": [0, 0, 2],
						"0.375": [0, 0, 0],
						"0.8333": [0, 0, 2],
						"1.1667": [0, 0, 0],
						"1.5833": [0, 0, 2]
					}
				},
				"shell_back": {
					"rotation": {
						"0.0": [-5, 0, 0],
						"0.4167": [7.5, 0, 0],
						"0.8333": [-5, 0, 0],
						"1.1667": [7.5, 0, 0],
						"1.5": [-5, 0, 0]
					}
				},
				"left_bicep": {
					"rotation": [0, 0, -52.5]
				},
				"left_big_arm": {
					"rotation": {
						"0.0": [0, -45, -55],
						"0.4583": [0, -45, -55],
						"0.9167": [0, -57.5, -55],
						"1.2917": [0, -45, -55]
					},
					"position": [6, -9, 0]
				},
				"rightbicep": {
					"rotation": [0, 0, 52.5]
				},
				"right_big_arm": {
					"rotation": {
						"0.0": [0, 55, 55],
						"0.5": [0, 35, 55],
						"1.0417": [0, 35, 55],
						"1.5833": [0, 55, 55]
					},
					"position": [-6, -9, 1]
				},
				"right_leg": {
					"rotation": {
						"0.0": [-22.5, 10, 0],
						"0.2917": [10, 10, 0],
						"1.1667": [10, 10, 0],
						"1.5833": [-22.5, 10, 0]
					},
					"position": {
						"0.0": [0, 0, 0],
						"0.2917": [0, 0, 0],
						"1.1667": [0, 0, 0],
						"1.5833": [0, 0, 0]
					}
				}
			}
		},
		"animation.golisopod.faint": {
			"loop": "hold_on_last_frame",
			"animation_length": 3,
			"bones": {
				"golisopod": {
					"rotation": {
						"1.6667": [0, 0, 0],
						"2.0": [87.5, 0, 0]
					},
					"position": {
						"1.6667": [0, 0, 0],
						"2.0": [0, 6, 0]
					}
				},
				"torso": {
					"rotation": [0, 0, 0]
				},
				"head": {
					"rotation": {
						"0.0": [5, 0, 0],
						"0.5": [15, 0, 0],
						"0.75": [15, 0, 0],
						"1.25": [13, 0, 0],
						"1.6667": [10, 0, 0],
						"1.9167": [-22, 0, 0],
						"2.0": [-57, 0, 0]
					}
				},
				"mini_one": {
					"rotation": [-13.3556, -69.1568, -51.9433],
					"position": [1, -1, 2]
				},
				"minijointone": {
					"rotation": [0, 0, -30]
				},
				"minijointtwo": {
					"rotation": [0, 0, -25]
				},
				"minijointthree": {
					"rotation": [0, 0, 30]
				},
				"mini_four": {
					"rotation": [0, 0, 20]
				},
				"minijointfour": {
					"rotation": [0, 0, 0]
				},
				"mainarmfour": {
					"rotation": [0, 47.5, 0]
				},
				"mini_three": {
					"rotation": [13.35561, 69.15681, 51.94334],
					"position": [-1, -2, 1]
				},
				"mini_two": {
					"rotation": [-31.10825, -39.14166, -60.84092],
					"position": [-6, -3, 6]
				},
				"shell_back": {
					"rotation": [-2.5, 0, 0]
				},
				"left_bicep": {
					"rotation": {
						"0.0": [0, 0, -47.5],
						"0.3333": [3.90318, 3.72256, -62.2766]
					}
				},
				"left_big_arm": {
					"rotation": {
						"0.0": [0, -45, -45],
						"0.3333": [-2.2671, -7.151, -62.6417]
					},
					"position": {
						"0.0": [5, -8, 0],
						"0.3333": [6, -11, 1]
					}
				},
				"rightbicep": {
					"rotation": {
						"0.0": [2.60293, 4.72345, 44.75707],
						"0.3333": [3.90318, 3.72256, 62.27659]
					}
				},
				"right_big_arm": {
					"rotation": {
						"0.0": [0, 45, 45],
						"0.3333": [2.26708, 7.15102, 62.64168]
					},
					"position": {
						"0.0": [-4, -9, -1],
						"0.3333": [-7, -11, -1]
					}
				}
			}
		}
	}
}