{
	"format_version": "1.8.0",
	"animations": {
		"animation.rotom.battle_idle": {
			"loop": true,
			"animation_length": 2.5,
			"bones": {
				"arm_left": {
					"rotation": [0, 0, "2.5+Math.cos((query.anim_time) * 90 * 52) * 10"],
					"scale": [1, -1, 1]
				},
				"arm_right": {
					"rotation": [0, 0, "2.5-Math.cos((query.anim_time) * 90 * 52) * 10"],
					"scale": [1, -1, 1]
				},
				"light_trail": {
					"position": [0, 0, -7]
				},
				"light_trail2": {
					"position": [0, 0, -6]
				},
				"light_trail3": {
					"position": [0, 0, -6]
				},
				"light_trail4": {
					"position": [0, 0, -6]
				},
				"light_trail5": {
					"position": [0, 0, -6]
				},
				"light_trail6": {
					"position": [0, 0, -6]
				},
				"light_trail7": {
					"position": [0, 0, -6]
				},
				"light_trail8": {
					"position": [0, 0, -6]
				},
				"mouth_closed": {
					"position": [0, 0, 0.1]
				},
				"mouth_open": {
					"position": [0, 0, 0]
				},
				"mouth_smile": {
					"position": [0, 0, -0.1]
				},
				"body": {
					"rotation": {
						"0.0": [7.5, 0, 0],
						"0.1071": [-9.75, 0, 0],
						"0.1786": [-11.19, 0, 0],
						"0.3571": [-18.95, 0, 0],
						"0.4286": [-20, 0, 0],
						"0.5": [-18.75928, 28.01575, 3.8417],
						"0.5357": [-10, 0, 13.75],
						"0.5714": [-15, 0, 0],
						"0.6786": [-15, 0, -5],
						"0.7143": [-15, 0, -3.75],
						"0.75": [-15, 0, 2.5],
						"0.7857": [-10, 0, 16.75],
						"0.8214": [-15, 0, 11.5],
						"0.8929": [-15, 0, 3],
						"0.9643": [-15, 0, -2.5],
						"1.0": [-10, 0, 19.75],
						"1.0357": [-15, 0, 17.25],
						"1.0714": [-15, 0, 0],
						"1.1429": [-2.58514, -7.63134, 20.07106],
						"1.2857": [14.91486, -7.63134, 20.07106],
						"1.5357": [-10.08514, -7.63134, 20.07106],
						"1.6786": [16.69926, 0.71879, -8.82307],
						"1.7857": [11.54318, 0.8253, -13.16807],
						"1.8929": [6.17502, -4.26883, 7.96456],
						"2.0714": [6.94889, -2.83471, -4.47722],
						"2.1071": [7.50214, 0.0316, -26.803],
						"2.3571": [6.52205, -3.7156, 2.98314],
						"2.3929": [7.49372, 0.35788, -29.28164],
						"2.5": [7.5, 0, 0]
					},
					"position": {
						"0.0": [0, 0, 0],
						"0.1786": [0, -0.5, 6.85],
						"0.25": [0, -0.15, 8.875],
						"0.3571": {
							"pre": [0, 1, 10],
							"post": [0, 1, 10],
							"lerp_mode": "catmullrom"
						},
						"0.4286": {
							"post": [0, 1.25, 10.675],
							"lerp_mode": "catmullrom"
						},
						"0.4643": {
							"post": [1.25, -0.25, 15.425],
							"lerp_mode": "catmullrom"
						},
						"0.5": {
							"post": [8, 1.25, 6.675],
							"lerp_mode": "catmullrom"
						},
						"0.5357": [-22, 16.25, 8.175],
						"0.6429": [-23, 17.25, 8.1],
						"0.75": {"pre": [-23, 17.25, 8.1], "post": [-22, 6.25, 4.6]},
						"0.7857": [24, -0.75, -5.9],
						"0.8929": [25.425, -1.85, -7],
						"1.0": {
							"pre": [21.25, 9.5, -2.9],
							"post": [21.25, 9.5, -2.9],
							"lerp_mode": "catmullrom"
						},
						"1.0357": {
							"post": [10, 18.25, -12.9],
							"lerp_mode": "catmullrom"
						},
						"1.1429": {
							"post": [10, 18.25, -12.9],
							"lerp_mode": "catmullrom"
						},
						"1.2857": {
							"post": [-1.25, 18.5, 1.1],
							"lerp_mode": "catmullrom"
						},
						"1.4286": {
							"post": [-2.25, 17.75, 1.1],
							"lerp_mode": "catmullrom"
						},
						"1.6429": [-2.25, 17.75, 1.1],
						"1.6786": [0, 0, 0],
						"2.0714": [0, 0, 0],
						"2.1071": [-18, 31, 0],
						"2.3571": [-18, 31, 0],
						"2.3929": [0, 0, 0],
						"2.5": [0, 0, 0]
					},
					"scale": {
						"0.5": [1, 1, 1],
						"0.5357": {"pre": [1, 1, 1], "post": [1.6, 0.9, 0.8]},
						"0.6429": [1, 1, 1],
						"0.75": [1, 1, 1],
						"0.7857": {"pre": [1, 1, 1], "post": [1.6, 0.9, 0.8]},
						"0.8929": [1, 1, 1],
						"0.9643": [1, 1, 1],
						"1.0": {"pre": [1, 1, 1], "post": [1.6, 0.9, 0.8]},
						"1.1429": [1, 1, 1],
						"1.6429": [1, 1, 1],
						"1.6786": {"pre": [1, 1, 1], "post": [0.9, 1.6, 0.8]},
						"1.7857": [1, 1, 1],
						"2.0714": [1, 1, 1],
						"2.1071": {"pre": [1, 1, 1], "post": [0.9, 1.6, 0.8]},
						"2.2143": [1, 1, 1],
						"2.3571": [1, 1, 1],
						"2.3929": {"pre": [1, 1, 1], "post": [0.9, 1.6, 0.8]},
						"2.5": [1, 1, 1]
					}
				},
				"arm_left2": {
					"rotation": [0, 0, "17.5-Math.cos((query.anim_time) * 90 * 52) * 6"]
				},
				"arm_right2": {
					"rotation": [0, 0, "-17.5+Math.cos((query.anim_time) * 90 * 52) * 6"]
				},
				"bodyrotation": {
					"rotation": ["-6.4349-math.cos(q.anim_time*90*3-150)*7", "14.4192+math.cos(q.anim_time*90*3-150)*25", "-8.5769-math.cos(q.anim_time*90*3-150)*15"],
					"position": {
						"0.0": ["0+math.cos(q.anim_time*90*3-150)*7", "24+math.cos(q.anim_time*90*3-150)*7", "0+math.cos(q.anim_time*90*3-150)*7"],
						"0.1429": [0, -0.5, 6.85],
						"0.2143": [0, -0.15, 8.875],
						"0.3214": {
							"pre": [0, 1, 10],
							"post": [0, 1, 10],
							"lerp_mode": "catmullrom"
						},
						"0.3929": {
							"post": [0, 1.25, 10.675],
							"lerp_mode": "catmullrom"
						},
						"0.4286": {
							"post": [1.25, -0.25, 15.425],
							"lerp_mode": "catmullrom"
						},
						"0.4643": {
							"post": [8, 1.25, 6.675],
							"lerp_mode": "catmullrom"
						},
						"0.5": [-22, 16.25, 8.175],
						"0.6071": [-23, 17.25, 8.1],
						"0.7143": {"pre": [-23, 17.25, 8.1], "post": [-22, 6.25, 4.6]},
						"0.75": [24, -0.75, -5.9],
						"0.8571": [25.425, -1.85, -7],
						"0.9643": {
							"pre": [21.25, 9.5, -2.9],
							"post": [21.25, 9.5, -2.9],
							"lerp_mode": "catmullrom"
						},
						"1.0": {
							"post": [10, 18.25, -12.9],
							"lerp_mode": "catmullrom"
						},
						"1.1071": {
							"post": [10, 18.25, -12.9],
							"lerp_mode": "catmullrom"
						},
						"1.25": {
							"post": [-1.25, 18.5, 1.1],
							"lerp_mode": "catmullrom"
						},
						"1.3929": {
							"post": [-2.25, 17.75, 1.1],
							"lerp_mode": "catmullrom"
						},
						"1.6071": [-2.25, 17.75, 1.1],
						"1.6429": [0, 0, 0],
						"2.0357": [0, 0, 0],
						"2.0714": [-18, 31, 0],
						"2.25": [-18, 31, 0],
						"2.2857": [0, 0, 0],
						"2.3929": [0, 0, 0],
						"2.5": ["0+math.cos(q.anim_time*90*3-150)*7", "24+math.cos(q.anim_time*90*3-150)*7", "0+math.cos(q.anim_time*90*3-150)*7"]
					},
					"scale": {
						"0.5": [1, 1, 1],
						"0.5357": {"pre": [1, 1, 1], "post": [1.6, 0.9, 0.8]},
						"0.6429": [1, 1, 1],
						"0.75": [1, 1, 1],
						"0.7857": {"pre": [1, 1, 1], "post": [1.6, 0.9, 0.8]},
						"0.8929": [1, 1, 1],
						"0.9643": [1, 1, 1],
						"1.0": {"pre": [1, 1, 1], "post": [1.6, 0.9, 0.8]},
						"1.1429": [1, 1, 1],
						"1.6429": [1, 1, 1],
						"1.6786": {"pre": [1, 1, 1], "post": [0.9, 1.6, 0.8]},
						"1.7857": [1, 1, 1],
						"2.0714": [1, 1, 1],
						"2.1071": {"pre": [1, 1, 1], "post": [0.9, 1.6, 0.8]},
						"2.2143": [1, 1, 1],
						"2.3571": [1, 1, 1],
						"2.3929": {"pre": [1, 1, 1], "post": [0.9, 1.6, 0.8]},
						"2.5": [1, 1, 1]
					}
				},
				"bodyposition": {
					"position": [0, 18, 0]
				}
			}
		},
		"animation.rotom.quirk": {
			"loop": true,
			"animation_length": 2.5,
			"bones": {
				"arm_left": {
					"rotation": [0, 0, "2.5+Math.cos((query.anim_time) * 90 * 52) * 10"],
					"scale": [1, -1, 1]
				},
				"arm_right": {
					"rotation": [0, 0, "2.5-Math.cos((query.anim_time) * 90 * 52) * 10"],
					"scale": [1, -1, 1]
				},
				"light_trail": {
					"position": [0, 0, -7]
				},
				"light_trail2": {
					"position": [0, 0, -6]
				},
				"light_trail3": {
					"position": [0, 0, -6]
				},
				"light_trail4": {
					"position": [0, 0, -6]
				},
				"light_trail5": {
					"position": [0, 0, -6]
				},
				"light_trail6": {
					"position": [0, 0, -6]
				},
				"light_trail7": {
					"position": [0, 0, -6]
				},
				"light_trail8": {
					"position": [0, 0, -6]
				},
				"mouth_closed": {
					"position": [0, 0, 0.1]
				},
				"mouth_open": {
					"position": [0, 0, 0]
				},