{
	"format_version": "1.8.0",
	"animations": {
		"animation.frillish.ground_idle": {
			"loop": true,
			"animation_length": 2,
			"bones": {
				"right": {
					"rotation": {
						"0.0": [-19.35555, 17.57361, 19.12256],
						"1.0": [-15.58436, 14.88796, 14.7294],
						"2.0": [-19.35555, 17.57361, 19.12256]
					}
				},
				"right1": {
					"rotation": {
						"0.0": [-28.97879, 7.82094, 13.80035],
						"1.0": [-46.47879, 7.82094, 13.80035],
						"2.0": [-28.97879, 7.82094, 13.80035]
					},
					"position": {
						"0.0": [0.44688, 0.65698, 0.74577],
						"2.0": [0.44688, 0.65698, 0.74577]
					}
				},
				"back": {
					"rotation": {
						"0.0": [-5, 0, 0],
						"1.0": [7.5, 0, 0],
						"2.0": [-5, 0, 0]
					}
				},
				"back1": {
					"rotation": {
						"0.0": [30, 0, 0],
						"1.0": [45, 0, 0],
						"2.0": [30, 0, 0]
					}
				},
				"left_hand": {
					"rotation": {
						"0.0": [17.5, 0, 37.5],
						"1.0": [17.5, 0, 30],
						"2.0": [17.5, 0, 37.5]
					}
				},
				"left_fingers": {
					"rotation": {
						"0.0": [0, 0, -22.5],
						"1.0": [0, 0, -40],
						"2.0": [0, 0, -22.5]
					}
				},
				"head": {
					"position": {
						"0.0": [0, 0, 0],
						"1.0": [0, -0.25, 0],
						"2.0": [0, 0, 0]
					}
				},
				"toj": {
					"rotation": {
						"0.0": [-10, 0, 0],
						"0.4583": [-17.5, 0, 0],
						"1.0": [-7.5, 0, 0],
						"1.5": [-20, 0, 0],
						"2.0": [-10, 0, 0]
					}
				},
				"necky": {
					"position": {
						"0.0": [0, 0, 0],
						"1.0": [0, 0, 0],
						"2.0": [0, 0, 0]
					},
					"scale": {
						"0.0": [1, 1, 1],
						"1.0": [1, 1.2, 1],
						"2.0": [1, 1, 1]
					}
				},
				"right_hand": {
					"rotation": {
						"0.0": [17.5, 0, -37.5],
						"1.0": [17.5, 0, -30],
						"2.0": [17.5, 0, -37.5]
					}
				},
				"right_fingers": {
					"rotation": {
						"0.0": [0, 0, 22.5],
						"1.0": [0, 0, 40],
						"2.0": [0, 0, 22.5]
					}
				},
				"left": {
					"rotation": {
						"0.0": [-21.85555, -17.57361, -19.12256],
						"1.0": [-15.58436, -14.88796, -14.7294],
						"2.0": [-21.85555, -17.57361, -19.12256]
					}
				},
				"root": {
					"position": {
						"0.0": [0, 0, 0],
						"1.0": [0, -2, 0],
						"2.0": [0, 0, 0]
					}
				}
			}
		},
		"animation.frillish.ground_walk": {
			"loop": true,
			"animation_length": 2,
			"bones": {
				"right": {
					"rotation": {
						"0.0": [8.69215, 5.81844, 35.90051],
						"1.0": [-2.98144, 3.80178, 45.73027],
						"2.0": [8.69215, 5.81844, 35.90051]
					}
				},
				"right1": {
					"rotation": {
						"0.0": [10.93274, 7.82094, 13.80035],
						"1.0": [28.43274, 7.82094, 13.80035],
						"2.0": [10.93274, 7.82094, 13.80035]
					},
					"position": {
						"0.0": [0.44688, 0.65698, 0.24577],
						"2.0": [0.44688, 0.65698, 0.24577]
					}
				},
				"back": {
					"rotation": {
						"0.0": [20, 0, 0],
						"1.0": [7.5, 0, 0],
						"2.0": [20, 0, 0]
					}
				},
				"back1": {
					"rotation": {
						"0.0": [30, 0, 0],
						"1.0": [45, 0, 0],
						"2.0": [30, 0, 0]
					}
				},
				"left_hand": {
					"rotation": {
						"0.0": [8.52624, -27.26184, 45.10921],
						"1.0": [-9.15906, -46.9145, 59.18549],
						"2.0": [8.52624, -27.26184, 45.10921]
					}
				},
				"left_fingers": {
					"rotation": {
						"0.0": [35, 0, -22.5],
						"1.0": [0, 0, -40],
						"2.0": [35, 0, -22.5]
					}
				},
				"head": {
					"position": {
						"0.0": [0, 0, 0],
						"1.0": [0, -0.25, 0],
						"2.0": [0, 0, 0]
					}
				},
				"toj": {
					"rotation": {
						"0.0": [-10, 0, 0],
						"0.4583": [-17.5, 0, 0],
						"1.0": [-7.5, 0, 0],
						"1.5": [-20, 0, 0],
						"2.0": [-10, 0, 0]
					}
				},
				"necky": {
					"position": {
						"0.0": [0, 0, 0],
						"1.0": [0, 0, 0],
						"2.0": [0, 0, 0]
					},
					"scale": {
						"0.0": [1, 1, 1],
						"1.0": [1, 1.2, 1],
						"2.0": [1, 1, 1]
					}
				},
				"right_hand": {
					"rotation": {
						"0.0": [8.52624, 27.26184, -45.10921],
						"1.0": [-9.15906, 46.9145, -59.18549],
						"2.0": [8.52624, 27.26184, -45.10921]
					}
				},
				"right_fingers": {
					"rotation": {
						"0.0": [35, 0, 22.5],
						"1.0": [0, 0, 40],
						"2.0": [35, 0, 22.5]
					}
				},
				"left": {
					"rotation": {
						"0.0": [8.69215, -5.81844, -35.90051],
						"1.0": [-2.98144, -3.80178, -45.73027],
						"2.0": [8.69215, -5.81844, -35.90051]
					}
				},
				"root": {
					"position": {
						"0.0": [0, 0, 0],
						"1.0": [0, -2, 0],
						"2.0": [0, 0, 0]
					}
				}
			}
		}
	}
}