{
	"format_version": "1.8.0",
	"animations": {
		"animation.tapulele.faint": {
			"loop": true
		},
		"animation.tapulele.ground_idle": {
			"loop": true,
			"animation_length": 2,
			"bones": {
				"full_body": {
					"rotation": {
						"0.0": [15, 0, 0],
						"0.2917": [20, 0, 0],
						"0.5417": [22.5, 0, 0],
						"0.8333": [20, 0, 0],
						"1.125": [17.5, 0, 0],
						"2.0": [15, 0, 0]
					},
					"position": {
						"0.0": [0, 0, 0],
						"0.3333": [0, -1.22, -1.78],
						"0.75": [0, -4, -3],
						"1.25": [0, -4, 0],
						"1.6667": [0, -1.78, 2],
						"2.0": [0, 0, 0]
					}
				},
				"leftarm": {
					"rotation": {
						"0.0": [60.05572, 24.80525, 45.71941],
						"0.75": [55.22104, 16.73633, 32.17554],
						"1.4583": [57.35046, 20.90405, 38.76547],
						"2.0": [60.05572, 24.80525, 45.71941]
					}
				},
				"bone": {
					"rotation": {
						"0.0": [76.04752, 51.22822, -27.62815],
						"0.75": [63.61992, 70.13379, -41.6726],
						"2.0": [76.04752, 51.22822, -27.62815]
					}
				},
				"leftarm2": {
					"rotation": {
						"0.0": [117.80607, -152.77864, 129.40873],
						"0.75": [124.13111, -161.8491, 145.66371],
						"1.4583": [121.81336, -157.76241, 138.96054],
						"2.0": [117.80607, -152.77864, 129.40873]
					}
				},
				"bone2": {
					"rotation": {
						"0.0": [25.99352, -47.13536, -25.76784],
						"0.75": [46.34943, -65.66659, -49.78677],
						"2.0": [25.99352, -47.13536, -25.76784]
					}
				},
				"shell": {
					"rotation": [17.5, 0, 0]
				},
				"bone5": {
					"rotation": {
						"0.0": [0, 0, 0],
						"0.5": [-2.5, 0, 0],
						"1.5": [9.17, 0, 0],
						"2.0": [0, 0, 0]
					}
				},
				"bone6": {
					"rotation": [36.22709, -28.57693, -8.66044]
				},
				"bone8": {
					"rotation": [-4.49928, 20.83357, -14.53547]
				},
				"head": {
					"rotation": {
						"0.0": [0, 0, 0],
						"0.8333": [-20, 0, 0],
						"1.3333": [-14.41, 0, 0],
						"2.0": [0, 0, 0]
					}
				},
				"lefthair": {
					"rotation": {
						"0.0": [0, 0, 0],
						"0.7083": [-15, 0, 0],
						"1.2917": [-2.5, 0, 0],
						"2.0": [0, 0, 0]
					}
				},
				"righthair": {
					"rotation": {
						"0.0": [0, 0, 0],
						"0.7083": [-15, 0, 0],
						"1.2917": [-2.5, 0, 0],
						"2.0": [0, 0, 0]
					}
				},
				"bone7": {
					"rotation": {
						"0.0": [0, 0, 0],
						"0.5": [12.5, 0, 0],
						"1.5": [14.17, 0, 0],
						"2.0": [0, 0, 0]
					}
				},
				"hair": {
					"rotation": {
						"0.0": [0, 0, 0],
						"0.75": [20, 0, 0],
						"2.0": [0, 0, 0]
					}
				},
				"hair3": {
					"rotation": {
						"0.0": [0, 0, 0],
						"1.0": [22.5, 0, 0],
						"2.0": [0, 0, 0]
					}
				},
				"hair4": {
					"rotation": {
						"0.0": [0, 0, 0],
						"1.0": [25, 0, 0],
						"2.0": [0, 0, 0]
					}
				},
				"hair2": {
					"rotation": {
						"0.0": [0, 0, 0],
						"0.75": [20, 0, 0],
						"2.0": [0, 0, 0]
					}
				}
			}
		},
		"animation.tapulele.ground_walk": {
			"loop": true,
			"animation_length": 2,
			"bones": {
				"full_body": {
					"rotation": {
						"0.0": [15, 0, 0],
						"2.0": [15, 0, 0]
					},
					"position": {
						"0.0": [0, 0, 0],
						"0.3333": [0, -1.22, -1.78],
						"0.75": [0, -4, -3],
						"1.25": [0, -4, 0],
						"1.6667": [0, -1.78, 0],
						"2.0": [0, 0, 0]
					}
				},
				"leftarm": {
					"rotation": {
						"0.0": [60.05572, 24.80525, 45.71941],
						"0.75": [55.22104, 16.73633, 32.17554],
						"1.4583": [57.35046, 20.90405, 38.76547],
						"2.0": [60.05572, 24.80525, 45.71941]
					}
				},
				"bone": {
					"rotation": {
						"0.0": [76.04752, 51.22822, -27.62815],
						"0.75": [63.61992, 70.13379, -41.6726],
						"2.0": [76.04752, 51.22822, -27.62815]
					}
				},
				"leftarm2": {
					"rotation": {
						"0.0": [117.80607, -152.77864, 129.40873],
						"0.75": [124.13111, -161.8491, 145.66371],
						"1.4583": [121.81336, -157.76241, 138.96054],
						"2.0": [117.80607, -152.77864, 129.40873]
					}
				},
				"bone2": {
					"rotation": {
						"0.0": [25.99352, -47.13536, -25.76784],
						"0.75": [46.34943, -65.66659, -49.78677],
						"2.0": [25.99352, -47.13536, -25.76784]
					}
				},
				"shell": {
					"rotation": [17.5, 0, 0]
				},
				"bone5": {
					"rotation": {
						"0.0": [0, 0, 0],
						"0.5": [-2.5, 0, 0],
						"1.5": [9.17, 0, 0],
						"2.0": [0, 0, 0]
					}
				},
				"bone6": {
					"rotation": [36.22709, -28.57693, -8.66044]
				},
				"bone8": {
					"rotation": [-4.49928, 20.83357, -14.53547]
				},
				"head": {
					"rotation": {
						"0.0": [0, 0, 0],
						"0.8333": [-20, 0, 0],
						"1.3333": [-14.41, 0, 0],
						"2.0": [0, 0, 0]
					}
				},
				"lefthair": {
					"rotation": {
						"0.0": [0, 0, 0],
						"0.7083": [-15, 0, 0],
						"1.2917": [-2.5, 0, 0],
						"2.0": [0, 0, 0]
					}
				},
				"righthair": {
					"rotation": {
						"0.0": [0, 0, 0],
						"0.7083": [-15, 0, 0],
						"1.2917": [-2.5, 0, 0],
						"2.0": [0, 0, 0]
					}
				},
				"bone7": {
					"rotation": {
						"0.0": [0, 0, 0],
						"0.5": [12.5, 0, 0],
						"1.5": [14.17, 0, 0],
						"2.0": [0, 0, 0]
					}
				},
				"hair": {
					"rotation": {
						"0.0": [0, 0, 0],
						"0.75": [20, 0, 0],
						"2.0": [0, 0, 0]
					}
				},
				"hair3": {
					"rotation": {
						"0.0": [0, 0, 0],
						"1.0": [22.5, 0, 0],
						"2.0": [0, 0, 0]
					}
				},
				"hair4": {
					"rotation": {
						"0.0": [0, 0, 0],
						"1.0": [25, 0, 0],
						"2.0": [0, 0, 0]
					}
				},
				"hair2": {
					"rotation": {
						"0.0": [0, 0, 0],
						"0.75": [20, 0, 0],
						"2.0": [0, 0, 0]
					}
				}
			}
		}
	},
	"geckolib_format_version": 2
}