{
	"format_version": "1.8.0",
	"animations": {
		"test": {
			"loop": true,
			"animation_length": 1,
			"bones": {
				"jaw": {
					"rotation": {
						"0.25": [37.5, 0, 0],
						"0.75": [0, 0, 0]
					}
				},
				"tongue": {
					"rotation": {
						"0.25": [-10, 0, 0],
						"0.75": [0, 0, 0]
					}
				},
				"tongue_tip": {
					"rotation": {
						"0.25": [35, 0, 0],
						"0.75": [0, 0, 0]
					},
					"position": {
						"0.25": [0, 0, -3],
						"0.5": [0, 0, -3],
						"0.75": [0, 0, 0]
					}
				},
				"gliscor": {
					"position": {
						"0.25": [0, 7, 0],
						"0.75": [0, 0.25, 0]
					}
				},
				"head": {
					"rotation": [-7.5, 0, 0]
				},
				"left_ear_back": {
					"rotation": [0, 0, 0]
				},
				"torso": {
					"rotation": {
						"0.25": [-30, 0, 0],
						"0.75": [-5, 0, 0]
					}
				},
				"lower_spine": {
					"rotation": {
						"0.25": [7.5, 0, 0],
						"0.75": [-7.5, 0, 0]
					}
				},
				"upper_torso": {
					"rotation": {
						"0.25": [10, 0, 0],
						"0.75": [12.5, 0, 0]
					}
				},
				"top_front_chest_armor": {
					"rotation": [0, 0, 0]
				},
				"lower_spine2": {
					"rotation": {
						"0.25": [15, 0, 0],
						"0.75": [12.5, 0, 0]
					}
				},
				"left_calf": {
					"rotation": {
						"0.25": [-17.77694, -2.93925, 9.69463],
						"0.75": [-5.0335, -1.26059, 2.18098]
					}
				},
				"left_thigh": {
					"rotation": {
						"0.25": [-13.32143, -33.39273, -16.57381],
						"0.75": [15.95979, -22.61139, -1.29665]
					}
				},
				"left_foot": {
					"rotation": {
						"0.25": [-14.0155, -17.00117, 19.67362],
						"0.75": [-4.78987, -12.0197, 3.07934]
					}
				},
				"left_outer_toe": {
					"rotation": {
						"0.25": [25, 0, 0],
						"0.75": [0, 0, 0]
					}
				},
				"left_inner_toe": {
					"rotation": {
						"0.25": [15, 0, 0],
						"0.75": [0, 0, 0]
					}
				},
				"left_upper_arm": {
					"rotation": {
						"0.25": [-52.10534, -0.46691, 21.51624],
						"0.75": [15.16955, 1.29256, 39.94548]
					},
					"position": {
						"0.25": [0, 0, 0.5],
						"0.75": [0, 0, 0]
					}
				},
				"left_lower_arm": {
					"rotation": {
						"0.25": [7.56696, 57.16941, 9.24198],
						"0.75": [1.41267, 49.75604, -5.16875]
					}
				},
				"flying_membrane": {
					"rotation": {
						"0.25": [6.98, 0, 0],
						"0.75": [15, 0, 0]
					}
				},
				"top_left_membrane": {
					"rotation": {
						"0.25": [0, 0, -2.5],
						"0.75": [0, 0, 59]
					}
				},
				"middle_left_membrane": {
					"rotation": {
						"0.25": [0, 0, -5],
						"0.75": [0, 0, 34]
					}
				},
				"bottom_left_membrane": {
					"rotation": {
						"0.25": [0, 0, -5],
						"0.75": [0, 0, 15.5]
					}
				},
				"left_arm_nub": {
					"rotation": {
						"0.25": [-12.19099, 8.09966, 13.60369],
						"0.75": [20, 7.5, -7.5]
					}
				},
				"left_claw_bottom": {
					"rotation": {
						"0.25": [0, -32.5, 0],
						"0.75": [0, 0, 0]
					}
				},
				"left_claw_top": {
					"rotation": {
						"0.25": [0, 27.5, 0],
						"0.75": [0, 0, 0]
					}
				},
				"left_claw": {
					"rotation": {
						"0.25": [-5.07673, 9.96156, -0.88045],
						"0.75": [-44.62034, 8.18198, -0.76232]
					}
				},
				"tail_segment_1": {
					"rotation": {
						"0.25": [37.5, 0, 0],
						"0.75": [67.5, 0, 0]
					}
				},
				"tail_segment_2": {
					"rotation": {
						"0.25": [-17.5, 0, 0],
						"0.75": [5, 0, 0]
					}
				},
				"tail_segment_3": {
					"rotation": {
						"0.25": [-20, 0, 0],
						"0.75": [20, 0, 0]
					}
				},
				"tail_segment_4": {
					"rotation": {
						"0.25": [-22.5, 0, 0],
						"0.75": [15, 0, 0]
					}
				},
				"tail_segment_end": {
					"rotation": {
						"0.25": [-17.5, 0, 0],
						"0.75": [2.5, 0, 0]
					}
				},
				"tail_left_stinger": {
					"rotation": {
						"0.25": [-5, 0, 0],
						"0.75": [7.5, 0, 0]
					}
				},
				"tail_right_stinger": {
					"rotation": {
						"0.25": [-5, 0, 0],
						"0.75": [7.5, 0, 0]
					}
				},
				"right_thigh": {
					"rotation": {
						"0.25": [-13.32143, 33.39273, 16.57381],
						"0.75": [15.95979, 22.61139, 1.29665]
					}
				},
				"right_calf": {
					"rotation": {
						"0.25": [-17.77694, 2.93925, -9.69463],
						"0.75": [-5.0335, 1.26059, -2.18098]
					}
				},
				"right_foot": {
					"rotation": {
						"0.25": [-14.0155, 17.00117, -19.67362],
						"0.75": [-4.78987, 12.0197, -3.07934]
					}
				},
				"right_inner_toe": {
					"rotation": {
						"0.25": [15, 0, 0],
						"0.75": [0, 0, 0]
					}
				},
				"right_outer_toe": {
					"rotation": {
						"0.25": [25, 0, 0],
						"0.75": [0, 0, 0]
					}
				},
				"top_right_membrane": {
					"rotation": {
						"0.25": [0, 0, 2.5],
						"0.75": [0, 0, -59]
					}
				},
				"middle_right_membrane": {
					"rotation": {
						"0.25": [0, 0, 5],
						"0.75": [0, 0, -34]
					}
				},
				"bottom_right_membrane": {
					"rotation": {
						"0.25": [0, 0, 5],
						"0.75": [0, 0, -15.5]
					}
				},
				"right_ear_back": {
					"rotation": [0, 0, 0]
				},
				"right_upper_arm": {
					"rotation": {
						"0.25": [-52.10534, 0.46691, -21.51624],
						"0.75": [15.16955, -1.29256, -39.94548]
					},
					"position": {
						"0.25": [0, 0, 0.5],
						"0.75": [0, 0, 0]
					}
				},
				"right_lower_arm": {
					"rotation": {
						"0.25": [7.56696, -57.16941, -9.24198],
						"0.75": [1.41267, -49.75604, 5.16875]
					}
				},
				"right_arm_nub": {
					"rotation": {
						"0.25": [-12.19099, -8.09966, -13.60369],
						"0.75": [20, -7.5, 7.5]
					}
				},
				"right_claw": {
					"rotation": {
						"0.25": [-5.07673, -9.96156, 0.88045],
						"0.75": [-44.62034, -8.18198, 0.76232]
					}
				},
				"right_claw_top": {
					"rotation": {
						"0.25": [0, -27.5, 0],
						"0.75": [0, 0, 0]
					}
				},
				"right_claw_bottom": {
					"rotation": {
						"0.25": [0, 32.5, 0],
						"0.75": [0, 0, 0]
					}
				}
			}
		},
		"pose": {
			"loop": true,
			"bones": {
				"gliscor": {
					"position": [0, 7, 0]
				},
				"body": {
					"rotation": [0, 0, 7.5]
				},
				"torso": {
					"rotation": [-29.9055, 2.49762, 4.33287]
				},
				"lower_spine": {
					"rotation": [7.38733, 1.29876, -9.91615]
				},
				"lower_spine2": {
					"rotation": [14.87739, 1.93597, -7.24721]
				},
				"upper_torso": {
					"rotation": [9.99067, 0.43399, -2.46207]
				},
				"head": {
					"rotation": [-7.43656, -0.9762, -7.43656]
				},
				"left_ear_back": {
					"rotation": [0, 0, 0]
				},
				"right_ear": {
					"rotation": [0, 0, 0]
				},
				"right_ear_back": {
					"rotation": [0, 0, 0]
				},
				"jaw": {
					"rotation": [27.5, 0, 0]
				},
				"tongue": {
					"rotation": [-5.47479, -17.22575, 3.13388]
				},
				"tongue_tip": {
					"rotation": [-27.48614, 1.71318, 1.87875],
					"position": [0, 0, -3]
				},
				"top_front_chest_armor": {
					"rotation": [0, 0, 0]
				},
				"left_upper_arm": {
					"rotation": [-53.2538, -2.1024, 35.97476],
					"position": [0, 0, 0.5]
				},
				"left_lower_arm": {
					"rotation": [8.78164, 62.11895, 10.64831]
				},
				"left_arm_nub": {
					"rotation": [-13.10201, 22.7402, 10.20626]
				},
				"left_claw": {
					"rotation": [4.92327, 9.96156, -0.88045]
				},
				"left_claw_top": {
					"rotation": [0, 7.5, 0]
				},
				"left_claw_bottom": {
					"rotation": [0, -17.5, 0]
				},
				"right_upper_arm": {
					"rotation": [-52.96615, -8.69028, -9.59208],
					"position": [0, 0, 0.5]
				},
				"right_lower_arm": {
					"rotation": [6.03602, -47.23855, -7.3119]
				},
				"right_arm_nub": {
					"rotation": [-12.19099, -8.09966, -13.60369]
				},
				"right_claw": {
					"rotation": [12.42327, -9.96156, 0.88045]
				},
				"right_claw_top": {
					"rotation": [0, -27.5, 0]
				},
				"right_claw_bottom": {
					"rotation": [0, 32.5, 0]
				},
				"flying_membrane": {
					"rotation": [6.97763, -0.18226, 1.48889]
				},
				"top_left_membrane": {
					"rotation": [0, 0, -2.5]
				},
				"top_right_membrane": {
					"rotation": [0, 0, 2.5]
				},