{
	"format_version": "1.8.0",
	"animations": {
		"animation.shuckle.ground_walk": {
			"loop": true,
			"animation_length": 1.5,
			"bones": {
				"body": {
					"rotation": ["0+Math.cos((query.anim_time+0.3) * 90 * (8/3)*2) * 2", 0, "0+Math.cos((query.anim_time+0.1) * 90 * (8/3)*1) * 4"],
					"position": [
						0,
						"0.1+0.7*math.clamp(math.cos((q.anim_time+0.25)*90*(8/3)*2)*1.3+0.1,-0.5,0.2)+0.4*math.clamp(math.cos((q.anim_time+0.25)*90*(8/3)*2)*1.1+0.2,0.3,2)+0.3*math.clamp(math.cos((q.anim_time+1)*90*(8/3)*2)*1.3+0.5,-0.9,0.0)",
						0
					]
				},
				"neck1": {
					"rotation": ["25+Math.cos((query.anim_time-0.2) * 90 * (8/3)*2) * -5", 0, "Math.cos((query.anim_time-0.1) * 90 * (8/3)*1) * -4"]
				},
				"neck2": {
					"rotation": ["-22.5+Math.cos((query.anim_time-0.4) * 90 * (8/3)*2) * -4", 0, 0]
				},
				"head": {
					"rotation": ["0+Math.cos((query.anim_time+0.6) * 90 * (8/3)*2) * 3", 0, 0]
				},
				"arm_right_front": {
					"rotation": {
						"0.0": [13.62, 25.05, -6.13],
						"0.0833": [11.52, 29.4, -6.11],
						"0.25": [-11.78, 25.36, -6.09],
						"0.4167": [-14.98, 12.33, -6.07],
						"0.5": [-14.28, -5.71, -6.05],
						"0.625": [-13.76, -16.86, -6.04],
						"0.75": [-9.62498, -22.17172, -6.01939],
						"0.9167": [2.36, -18.12, -6.06],
						"1.0833": [14.33674, -4.06093, -6.10998],
						"1.3333": [17.80763, 16.33801, -6.16513],
						"1.5": [13.62, 25.05, -6.13]
					}
				},
				"arm_right_front2": {
					"rotation": {
						"0.0": [-7.92, 0, 0],
						"0.0833": [-13.77, 0, 0],
						"0.3333": [-25.42, 0, 0],
						"0.5833": [-23.78, 0, 0],
						"0.75": [-17.5, 0, 0],
						"1.0833": [-10, 0, 0],
						"1.4583": [-5, 0, 0],
						"1.5": [-7.92, 0, 0]
					}
				},
				"arm_left_front": {
					"rotation": {
						"0.0": [-9.62498, 22.17172, 6.01939],
						"0.1667": [2.36, 18.12, 6.06],
						"0.3333": [14.33674, 4.06093, 6.10998],
						"0.5833": [17.80763, -16.33801, 6.16513],
						"0.8333": [11.52, -29.4, 6.11],
						"1.0": [-11.78, -25.36, 6.09],
						"1.1667": [-14.98, -12.33, 6.07],
						"1.25": [-14.28, 5.71, 6.05],
						"1.375": [-13.76, 16.86, 6.04],
						"1.5": [-9.62498, 22.17172, 6.01939]
					}
				},
				"arm_left_front2": {
					"rotation": {
						"0.0": [-17.5, 0, 0],
						"0.3333": [-10, 0, 0],
						"0.7083": [-10, 0, 0],
						"0.8333": [-13.77, 0, 0],
						"1.0833": [-25.42, 0, 0],
						"1.3333": [-23.78, 0, 0],
						"1.5": [-17.5, 0, 0]
					}
				},
				"arm_left_back": {
					"rotation": {
						"0.0": [-13.62, -3.05, -6.13],
						"0.0833": [-11.52, -7.4, -6.11],
						"0.25": [2.78, -3.36, -6.09],
						"0.4167": [6.98, 9.67, -6.07],
						"0.5": [7.28, 27.71, -6.05],
						"0.625": [6.76, 38.86, -6.04],
						"0.75": [2.62498, 44.17172, -6.01939],
						"0.9167": [-4.36, 40.12, -6.06],
						"1.0833": [-14.33674, 26.06093, -6.10998],
						"1.3333": [-17.80763, 5.66199, -6.16513],
						"1.5": [-13.62, -3.05, -6.13]
					}
				},
				"arm_left_back2": {
					"rotation": {
						"0.0": [22.92, 0, 0],
						"0.0833": [21.27, 0, 0],
						"0.3333": [25.42, 0, 0],
						"0.5833": [23.78, 0, 0],
						"0.75": [17.5, 0, 0],
						"1.0833": [10, 0, 0],
						"1.4583": [20, 0, 0],
						"1.5": [22.92, 0, 0]
					}
				},
				"arm_right_back": {
					"rotation": {
						"0.0": [-6.37502, -32.17172, 6.01939],
						"0.1667": [-13.36, -28.12, 6.06],
						"0.3333": [-23.33674, -14.06093, 6.10998],
						"0.5833": [-26.80763, 6.33801, 6.16513],
						"0.8333": [-10.52, 19.4, 6.11],
						"1.0": [-4.22, 15.36, 6.09],
						"1.1667": [-1.02, 2.33, 6.07],
						"1.25": [-0.72, -15.71, 6.05],
						"1.375": [-2.24, -26.86, 6.04],
						"1.5": [-6.37502, -32.17172, 6.01939]
					}
				},
				"arm_right_back2": {
					"rotation": {
						"0.0": [17.5, 0, 0],
						"0.3333": [10, 0, 0],
						"0.7083": [25, 0, 0],
						"0.8333": [25.77, 0, 0],
						"1.0833": [25.42, 0, 0],
						"1.3333": [23.78, 0, 0],
						"1.5": [17.5, 0, 0]
					}
				}
			}
		},
		"animation.shuckle.ground_idle": {
			"loop": true,
			"bones": {
				"neck1": {
					"rotation": [22.5, 0, 0]
				},
				"neck2": {
					"rotation": [-20, 0, 0]
				},
				"arm_right_front": {
					"rotation": [12.5, 0, 0]
				},
				"arm_right_front2": {
					"rotation": [-12.5, 0, 0]
				},
				"arm_left_front": {
					"rotation": [12.5, 0, 0]
				},
				"arm_left_front2": {
					"rotation": [-12.5, 0, 0]
				},
				"arm_left_back": {
					"rotation": [-12.5, 0, 0]
				},
				"arm_left_back2": {
					"rotation": [10, 0, 0]
				},
				"arm_right_back": {
					"rotation": [-10, 0, 0]
				},
				"arm_right_back2": {
					"rotation": [7.5, 0, 0]
				}
			}
		},
		"animation.shuckle.shell": {
			"animation_length": 2,
			"bones": {
				"neck1": {
					"rotation": {
						"0.5417": [47.5, 0, 0],
						"0.7083": [42.5, 0, 0]
					},
					"position": {
						"0.5417": [0, 0, 0],
						"0.7083": [0, -6, 7]
					}
				},
				"neck2": {
					"rotation": {
						"0.5417": [-42.5, 0, 0],
						"0.7083": [37.5, 0, 0]
					},
					"position": {
						"0.5417": [0, 0, 0],
						"0.7083": [0, -3.50133, 0.86065]
					}
				},
				"head": {
					"rotation": {
						"0.5417": [0, 0, 0],
						"0.7083": [-95, 0, 0]
					},
					"position": {
						"0.5417": [0, 0, 0],
						"0.625": [0, -3.9297, -2.09054],
						"0.7083": [0, -7.53048, -1.20951]
					}
				},
				"jaw": {
					"rotation": [0, 0, 0]
				},
				"arm_right_front": {
					"position": {
						"0.5417": [0, 0, 0],
						"0.7083": [8, 0, 5]
					}
				},
				"arm_left_front": {
					"position": {
						"0.5417": [0, 0, 0],
						"0.7083": [-8, 0, 5]
					}
				},
				"arm_left_back": {
					"position": {
						"0.5417": [0, 0, 0],
						"0.7083": [-8, 0, -5]
					}
				},
				"arm_right_back": {
					"position": {
						"0.5417": [0, 0, 0],
						"0.7083": [8, 0, -5]
					}
				},
				"body": {
					"rotation": {
						"0.5417": [0, 0, 0],
						"0.5833": [0, 0, 0],
						"0.6667": [-15, 0, 0],
						"0.8333": [-9, 0, 0],
						"0.9583": [0, 0, 0],
						"1.0417": [5, 0, 0],
						"1.125": [2, 0, 0],
						"1.2917": [0, 0, 0]
					},
					"position": {
						"0.5417": [0, 0, 0],
						"0.5833": [0, 0, 0],
						"0.6667": [0, 4, 1],
						"0.75": [0, 4.5, 1.5],
						"0.8333": [0, 4, 1.75],
						"0.9167": [0, 1.5, 2],
						"0.9583": [0, -0.5, 2],
						"1.0": [0, -1.5, 2],
						"1.0833": [0, -0.5, 2],
						"1.2083": [0, 0, 2]
					}
				}
			}
		}
	}
}