{
	"format_version": "1.8.0",
	"animations": {
		"animation.wimpod.ground_idle": {
			"loop": true,
			"animation_length": 1.83333,
			"bones": {
				"tail": {
					"rotation": {
						"0.0": [0, 0, 0],
						"0.2917": [5, 15, 0],
						"0.7083": [4, -15, 0],
						"1.0833": [5, 15, 0],
						"1.5": [4, -15, 0]
					}
				},
				"snout": {
					"rotation": {
						"0.2083": [0, 0, 0],
						"0.2917": [5, 0, 0],
						"0.3333": [0, 0, 0],
						"1.2083": [0, 0, 0],
						"1.25": [5, 0, 0],
						"1.2917": [0, 0, 0]
					}
				},
				"segment_c": {
					"rotation": {
						"0.0": [0, 0, -2],
						"0.25": [0, 0, 2],
						"0.5": [0, 0, -2],
						"0.75": [0, 0, 2],
						"1.0": [0, 0, -2],
						"1.25": [0, 0, 2],
						"1.4167": [0, 0, -2],
						"1.6667": [0, 0, 2]
					}
				},
				"antennaleft": {
					"rotation": {
						"0.2083": [0, 0, 0],
						"0.2917": [0, 0, 12.5],
						"0.375": [0, 0, 0],
						"0.5": [0, 0, 0],
						"0.5833": [0, 0, 12.5],
						"0.6667": [0, 0, 0],
						"1.375": [0, 0, 0],
						"1.4583": [0, 0, 12.5],
						"1.5417": [0, 0, 0],
						"1.6667": [0, 0, 0],
						"1.75": [0, 0, 12.5],
						"1.8333": [0, 0, 0]
					}
				},
				"antennaright": {
					"rotation": {
						"0.2083": [0, 0, 0],
						"0.2917": [0, 0, -12.5],
						"0.375": [0, 0, 0],
						"0.5": [0, 0, 0],
						"0.5833": [0, 0, -12.5],
						"0.6667": [0, 0, 0],
						"1.375": [0, 0, 0],
						"1.4583": [0, 0, -12.5],
						"1.5417": [0, 0, 0],
						"1.6667": [0, 0, 0],
						"1.75": [0, 0, -12.5],
						"1.8333": [0, 0, 0]
					}
				}
			}
		},
		"animation.wimpod.ground_walk": {
			"loop": true,
			"animation_length": 0.83333,
			"bones": {
				"tail": {
					"rotation": {
						"0.0417": [0, 10, 0],
						"0.25": [0, -10, 0],
						"0.4583": [0, 10, 0],
						"0.6667": [0, -10, 0]
					}
				},
				"snout": {
					"rotation": {
						"0.0": [0, 1, 0],
						"0.25": [0, -1, 0],
						"0.4583": [0, 1, 0],
						"0.7083": [0, -1, 0]
					}
				},
				"segment_b": {
					"rotation": {
						"0.0": [0, 2, 0],
						"0.2083": [0, -2, 0],
						"0.4167": [0, 2, 0],
						"0.625": [0, -2, 0]
					}
				},
				"segment_c": {
					"rotation": {
						"0.0417": [0, 10, 0],
						"0.25": [0, -10, 0],
						"0.4583": [0, 10, 0],
						"0.6667": [0, -10, 0]
					}
				},
				"antennaleft": {
					"rotation": {
						"0.0": [-7.5, 0, 0],
						"0.25": [0, 0, 0],
						"0.5833": [-7.5, 0, 0],
						"0.8333": [7.5, 0, 0]
					}
				},
				"antennaright": {
					"rotation": {
						"0.0": [-7, 0, 0],
						"0.25": [0, 0, 0],
						"0.5833": [-7, 0, 0],
						"0.8333": [7, 0, 0]
					}
				}
			}
		},
		"animation.wimpod.water_swim": {
			"loop": true,
			"animation_length": 0.83333,
			"bones": {
				"tail": {
					"rotation": {
						"0.0417": [0, 10, 0],
						"0.25": [0, -10, 0],
						"0.4583": [0, 10, 0],
						"0.6667": [0, -10, 0]
					}
				},
				"snout": {
					"rotation": {
						"0.0": [0, 1, 0],
						"0.25": [0, -1, 0],
						"0.4583": [0, 1, 0],
						"0.7083": [0, -1, 0]
					}
				},
				"segment_b": {
					"rotation": {
						"0.0": [0, 2, 0],
						"0.2083": [0, -2, 0],
						"0.4167": [0, 2, 0],
						"0.625": [0, -2, 0]
					}
				},
				"segment_c": {
					"rotation": {
						"0.0417": [0, 10, 0],
						"0.25": [0, -10, 0],
						"0.4583": [0, 10, 0],
						"0.6667": [0, -10, 0]
					}
				},
				"antennaleft": {
					"rotation": {
						"0.0": [-7, 0, 0],
						"0.25": [0, 0, 0],
						"0.5833": [-7, 0, 0],
						"0.8333": [7.5, 0, 0]
					}
				},
				"antennaright": {
					"rotation": {
						"0.0": [-7, 0, 0],
						"0.25": [0, 0, 0],
						"0.5833": [-7, 0, 0],
						"0.8333": [7.5, 0, 0]
					}
				}
			}
		},
		"animation.wimpod.water_idle": {
			"loop": true,
			"animation_length": 1.83333,
			"bones": {
				"tail": {
					"rotation": {
						"0.0": [0, 0, 0],
						"0.2917": [5, 15, 0],
						"0.7083": [4, -15, 0],
						"1.0833": [5, 15, 0],
						"1.5": [4, -15, 0]
					}
				},
				"snout": {
					"rotation": {
						"0.2083": [0, 0, 0],
						"0.2917": [5, 0, 0],
						"0.3333": [0, 0, 0],
						"1.2083": [0, 0, 0],
						"1.25": [5, 0, 0],
						"1.2917": [0, 0, 0]
					}
				},
				"segment_c": {
					"rotation": {
						"0.0": [0, 0, -2],
						"0.25": [0, 0, 2],
						"0.5": [0, 0, -2],
						"0.75": [0, 0, 2],
						"1.0": [0, 0, -2],
						"1.25": [0, 0, 2],
						"1.4167": [0, 0, -2],
						"1.6667": [0, 0, 2]
					}
				},
				"antennaleft": {
					"rotation": {
						"0.2083": [0, 0, 0],
						"0.2917": [0, 0, 12],
						"0.375": [0, 0, 0],
						"0.5": [0, 0, 0],
						"0.5833": [0, 0, 12],
						"0.6667": [0, 0, 0],
						"1.375": [0, 0, 0],
						"1.4583": [0, 0, 12],
						"1.5417": [0, 0, 0],
						"1.6667": [0, 0, 0],
						"1.75": [0, 0, 12],
						"1.8333": [0, 0, 0]
					}
				},
				"antennaright": {
					"rotation": {
						"0.2083": [0, 0, 0],
						"0.2917": [0, 0, -12],
						"0.375": [0, 0, 0],
						"0.5": [0, 0, 0],
						"0.5833": [0, 0, -12],
						"0.6667": [0, 0, 0],
						"1.375": [0, 0, 0],
						"1.4583": [0, 0, -12],
						"1.5417": [0, 0, 0],
						"1.6667": [0, 0, 0],
						"1.75": [0, 0, -12],
						"1.8333": [0, 0, 0]
					}
				}
			}
		},
		"animation.wimpod.faint": {
			"loop": true
		},
		"animation.wimpod.sleep": {
			"loop": true
		}
	}
}