{
	"format_version": "1.8.0",
	"animations": {
		"animation.bronzor.ground_idle": {
			"loop": true,
			"bones": {
				"head": {
					"rotation": ["-4+5+math.sin(q.anim_time*90*2+90)*2.5", "-1.5+1.5+math.sin(q.anim_time*90*2+50)*2", "-0.5+0.5+math.sin(q.anim_time*90*2+40)*1"],
					"position": ["-1+1+math.sin(q.anim_time*90*1+90)*0.8", "-1+1+math.sin(q.anim_time*90*1+10)*0.8", "-0.1+0.1+math.sin(q.anim_time*90*1+30)*0.5"]
				},
				"body": {
					"rotation": ["-4+5+math.sin(q.anim_time*90*2+90)*2.5", "-1.5+1.5+math.sin(q.anim_time*90*2+50)*2", "-0.5+0.5+math.sin(q.anim_time*90*2+40)*1"],
					"position": ["-1+1+math.sin(q.anim_time*90*1+90)*0.8", "-1+1+math.sin(q.anim_time*90*1+10)*0.8", "-0.1+0.1+math.sin(q.anim_time*90*1+30)*0.5"]
				}
			}
		},
		"animation.bronzor.ground_walk": {
			"loop": true,
			"bones": {
				"body": {
					"rotation": ["10+math.sin(q.anim_time*90*2+90)*4", 0, 0],
					"position": ["-1+1+math.sin(q.anim_time*90*1-45)*2", 0, "-2+math.sin(q.anim_time*90*2+-90)*1"]
				}
			}
		},
		"animation.bronzor.blink": {
			"animation_length": 0.16667,
			"bones": {
				"eyes": {
					"position": {
						"0.0": [0, 0, -1],
						"0.125": [0, 0, -1],
						"0.1667": [0, 0, 0]
					}
				}
			}
		},
		"animation.bronzor.sleep": {
			"loop": true,
			"bones": {
				"body": {
					"rotation": ["-90", 25, 0],
					"position": [0, -15.5, 0]
				},
				"eyes": {
					"position": [0, 0, -1]
				}
			}
		},
		"animation.bronzor.faint": {
			"animation_length": 3,
			"bones": {
				"body": {
					"rotation": {
						"0.0": [-5, 0, 0],
						"1.5": [-35, 0, -10],
						"1.9167": [-100, -15, -7],
						"1.9583": [-96.0914, -12.28235, 5.11743],
						"2.0": [-90.3382, -17.83776, 4.49132],
						"2.0417": [-85.65438, -23.08207, -1.5863],
						"2.0833": [-90, -28.29096, 0],
						"2.125": [-94.16189, -33.59373, 3.00169],
						"2.1667": [-97.62957, -38.77012, 5.45241],
						"2.2083": [-92, -44.18, 1],
						"2.25": [-93, -49.59, 2],
						"2.2917": [-90, -55, 0]
					},
					"position": {
						"0.0": [0, 0.5, 0.25],
						"0.0833": [0, 0.65, 0.26],
						"0.2917": [0, 1.02, 0.39],
						"0.4583": [0, 1.35, 0.65],
						"0.75": [0, 1.85, 1.25],
						"1.0417": [0, 2.19, 2.03],
						"1.2083": [0, 2.31, 2.47],
						"1.4167": [0, 2.43, 3.08],
						"1.5": [0, 2.45, 3.25],
						"1.5417": [0, 2.48, 3.29],
						"1.5833": [0, 2.45, 3.32],
						"1.625": [0, 1.95, 3.34],
						"1.6667": [0, 0.95, 3.36],
						"1.7083": [0, -0.55, 3.38],
						"1.75": [0, -2.55, 3.4],
						"1.7917": [0, -5.05, 3.43],
						"1.8333": [0, -8.05, 3.45],
						"1.875": [0, -11.55, 3.48],
						"1.9167": [0, -15.55, 3.5],
						"1.9583": [0, -13.77, 3.5],
						"2.0": [0, -12.89, 3.5],
						"2.0417": [0, -13.77, 3.5],
						"2.0833": [0, -15.55, 3.5],
						"2.125": [0, -14.89, 3.5],
						"2.1667": [0, -14.89, 3.5],
						"2.2083": [0, -15.55, 3.5],
						"2.25": [0, -15.33, 3.5],
						"2.2917": [0, -15.55, 3.5]
					}
				},
				"eyes": {
					"position": {
						"1.3333": [0, 0, 0],
						"1.375": [0, 0, -1]
					}
				}
			}
		},
		"animation.bronzor.cry": {
			"animation_length": 1.5,
			"bones": {
				"body": {
					"rotation": {
						"0.0": [0, 0, 0],
						"0.25": [-17.5, 0, 0],
						"0.4167": ["-17.5+math.sin(q.anim_time*90*20+90)*7", "0+math.sin(q.anim_time*90*25+90)*7", 0],
						"1.25": ["-17.5+math.sin(q.anim_time*90*20+90)*7", "0+math.sin(q.anim_time*90*25+90)*7", 0],
						"1.5": [0, 0, 0]
					},
					"position": {
						"0.0": [0, 0, 0],
						"0.25": [0, 1, 0.5],
						"1.25": [0, 1, 0.5],
						"1.5": [0, 0, 0]
					}
				},
				"eyes": {
					"position": {
						"0.0": [0, 0, 0],
						"0.0417": [0, 0, -1],
						"0.25": [0, 0, -1],
						"0.2917": [0, 0, 0],
						"1.25": [0, 0, 0],
						"1.2917": [0, 0, -1],
						"1.4167": [0, 0, -1],
						"1.4583": [0, 0, 0]
					}
				}
			}
		}
	}
}