{
	"format_version": "1.8.0",
	"animations": {
		"animation.dewpider.ground_idle": {
			"loop": true,
			"animation_length": 0.72,
			"bones": {
				"head": {
					"position": {
						"0.28": [0, 0, 0],
						"0.32": [0, -0.00967, 0],
						"0.36": [0, -0.04633, 0],
						"0.4": [0, -0.10367, 0],
						"0.44": [0, -0.14033, 0],
						"0.48": [0, -0.15, 0],
						"0.52": [0, -0.14149, 0],
						"0.56": [0, -0.11506, 0],
						"0.64": [0, -0.03494, 0],
						"0.68": [0, -0.00851, 0],
						"0.72": [0, 0, 0]
					}
				},
				"leg_front_left": {
					"rotation": {
						"0.0": [0, 45, 0],
						"0.04": [-0.42182, 44.963, -0.59956],
						"0.08": [-1.40912, 44.87642, -2.00287],
						"0.12": [-2.70864, 44.76244, -3.84996],
						"0.24": [-7.14243, 44.37359, -10.15198],
						"0.28": [-8.44196, 44.25961, -11.99907],
						"0.32": [-9.42925, 44.17302, -13.40238],
						"0.36": [-9.85108, 44.13603, -14.00194],
						"0.4": [-9.42925, 44.17302, -13.40238],
						"0.44": [-8.44196, 44.25961, -11.99907],
						"0.48": [-7.14243, 44.37359, -10.15198],
						"0.6": [-2.70864, 44.76244, -3.84996],
						"0.64": [-1.40912, 44.87642, -2.00287],
						"0.68": [-0.42182, 44.963, -0.59956],
						"0.72": [0, 45, 0]
					}
				},
				"leg_front_right": {
					"rotation": {
						"0.0": [0, -45, 0],
						"0.04": [-0.42182, -44.963, 0.59956],
						"0.08": [-1.40912, -44.87642, 2.00287],
						"0.12": [-2.70864, -44.76244, 3.84996],
						"0.24": [-7.14243, -44.37359, 10.15198],
						"0.28": [-8.44196, -44.25961, 11.99907],
						"0.32": [-9.42925, -44.17302, 13.40238],
						"0.36": [-9.85108, -44.13603, 14.00194],
						"0.4": [-9.42925, -44.17302, 13.40238],
						"0.44": [-8.44196, -44.25961, 11.99907],
						"0.48": [-7.14243, -44.37359, 10.15198],
						"0.6": [-2.70864, -44.76244, 3.84996],
						"0.64": [-1.40912, -44.87642, 2.00287],
						"0.68": [-0.42182, -44.963, 0.59956],
						"0.72": [0, -45, 0]
					}
				},
				"leg_back_left": {
					"rotation": {
						"0.0": [0, -45, 0],
						"0.04": [0.42182, -44.963, -0.59956],
						"0.08": [1.40912, -44.87642, -2.00287],
						"0.12": [2.70864, -44.76244, -3.84996],
						"0.24": [7.14243, -44.37359, -10.15198],
						"0.28": [8.44196, -44.25961, -11.99907],
						"0.32": [9.42925, -44.17302, -13.40238],
						"0.36": [9.85108, -44.13603, -14.00194],
						"0.4": [9.42925, -44.17302, -13.40238],
						"0.44": [8.44196, -44.25961, -11.99907],
						"0.48": [7.14243, -44.37359, -10.15198],
						"0.6": [2.70864, -44.76244, -3.84996],
						"0.64": [1.40912, -44.87642, -2.00287],
						"0.68": [0.42182, -44.963, -0.59956],
						"0.72": [0, -45, 0]
					}
				},
				"leg_back_right": {
					"rotation": {
						"0.0": [0, 45, 0],
						"0.04": [0.42182, 44.963, 0.59956],
						"0.08": [1.40912, 44.87642, 2.00287],
						"0.12": [2.70864, 44.76244, 3.84996],
						"0.24": [7.14243, 44.37359, 10.15198],
						"0.28": [8.44196, 44.25961, 11.99907],
						"0.32": [9.42925, 44.17302, 13.40238],
						"0.36": [9.85108, 44.13603, 14.00194],
						"0.4": [9.42925, 44.17302, 13.40238],
						"0.44": [8.44196, 44.25961, 11.99907],
						"0.48": [7.14243, 44.37359, 10.15198],
						"0.6": [2.70864, 44.76244, 3.84996],
						"0.64": [1.40912, 44.87642, 2.00287],
						"0.68": [0.42182, 44.963, 0.59956],
						"0.72": [0, 45, 0]
					}
				},
				"all": {
					"position": {
						"0.0": [0, 0, 0],
						"0.04": [0, -0.02141, 0],
						"0.08": [0, -0.07152, 0],
						"0.24": [0, -0.36252, 0],
						"0.28": [0, -0.42848, 0],
						"0.32": [0, -0.47859, 0],
						"0.36": [0, -0.5, 0],
						"0.4": [0, -0.47859, 0],
						"0.44": [0, -0.42848, 0],
						"0.6": [0, -0.13748, 0],
						"0.64": [0, -0.07152, 0],
						"0.68": [0, -0.02141, 0],
						"0.72": [0, 0, 0]
					}
				}
			}
		},
		"animation.dewpider.ground_walk": {
			"loop": true,
			"animation_length": 0.4,
			"bones": {
				"head": {
					"rotation": [-5, 0, 0]
				},
				"leg_front_left": {
					"rotation": {
						"0.0": {
							"post": [-24.78507, 38.84468, -36.36024],
							"lerp_mode": "catmullrom"
						},
						"0.08": {
							"post": [-24.78507, 38.84468, -36.36024],
							"lerp_mode": "catmullrom"
						},
						"0.2": {
							"post": [0, 45, 0],
							"lerp_mode": "catmullrom"
						},
						"0.28": {
							"post": [0, 45, 0],
							"lerp_mode": "catmullrom"
						},
						"0.4": {
							"post": [-24.78507, 38.84468, -36.36024],
							"lerp_mode": "catmullrom"
						}
					}
				},
				"leg_front_right": {
					"rotation": {
						"0.0": {
							"post": [0, -45, 0],
							"lerp_mode": "catmullrom"
						},
						"0.08": {
							"post": [0, -45, 0],
							"lerp_mode": "catmullrom"
						},
						"0.2": {
							"post": [-24.78507, -38.84468, 36.36024],
							"lerp_mode": "catmullrom"
						},
						"0.28": {
							"post": [-24.78507, -38.84468, 36.36024],
							"lerp_mode": "catmullrom"
						},
						"0.4": {
							"post": [0, -45, 0],
							"lerp_mode": "catmullrom"
						}
					}
				},
				"leg_back_left": {
					"rotation": {
						"0.0": {
							"post": [0, -45, 0],
							"lerp_mode": "catmullrom"
						},
						"0.08": {
							"post": [0, -45, 0],
							"lerp_mode": "catmullrom"
						},
						"0.2": {
							"post": [24.78507, -38.84468, -36.36024],
							"lerp_mode": "catmullrom"
						},
						"0.28": {
							"post": [24.78507, -38.84468, -36.36024],
							"lerp_mode": "catmullrom"
						},
						"0.4": {
							"post": [0, -45, 0],
							"lerp_mode": "catmullrom"
						}
					}
				},
				"leg_back_right": {
					"rotation": {
						"0.0": {
							"post": [24.78507, 38.84468, 36.36024],
							"lerp_mode": "catmullrom"
						},
						"0.08": {
							"post": [24.78507, 38.84468, 36.36024],
							"lerp_mode": "catmullrom"
						},
						"0.2": {
							"post": [0, 45, 0],
							"lerp_mode": "catmullrom"
						},
						"0.28": {
							"post": [0, 45, 0],
							"lerp_mode": "catmullrom"
						},
						"0.4": {
							"post": [24.78507, 38.84468, 36.36024],
							"lerp_mode": "catmullrom"
						}
					}
				},
				"all": {
					"rotation": [5, 0, 0],
					"position": {
						"0.0": {
							"post": [0, -0.55, 0],
							"lerp_mode": "catmullrom"
						},
						"0.08": {
							"post": [0, -0.3, 0],
							"lerp_mode": "catmullrom"
						},
						"0.2": {
							"post": [0, -0.55, 0],
							"lerp_mode": "catmullrom"
						},
						"0.28": {
							"post": [0, -0.3, 0],
							"lerp_mode": "catmullrom"
						},
						"0.4": {
							"post": [0, -0.55, 0],
							"lerp_mode": "catmullrom"
						}
					}
				}
			}
		},
		"animation.dewpider.water_idle": {
			"loop": true,
			"animation_length": 0.56,
			"bones": {
				"leg_front_left": {
					"rotation": {
						"0.0": {
							"post": [-14.51082, 43.07952, -20.75357],
							"lerp_mode": "catmullrom"
						},
						"0.28": {
							"post": [-9.85108, 44.13603, -14.00194],
							"lerp_mode": "catmullrom"
						},
						"0.56": {
							"post": [-14.51082, 43.07952, -20.75357],
							"lerp_mode": "catmullrom"
						}
					}
				},
				"leg_front_right": {
					"rotation": {
						"0.0": {
							"post": [-14.51082, -43.07952, 20.75357],
							"lerp_mode": "catmullrom"
						},
						"0.28": {
							"post": [-9.85108, -44.13603, 14.00194],
							"lerp_mode": "catmullrom"
						},
						"0.56": {
							"post": [-14.51082, -43.07952, 20.75357],
							"lerp_mode": "catmullrom"
						}
					}
				},
				"leg_back_left": {
					"rotation": {
						"0.0": {
							"post": [14.51082, -43.07952, -20.75357],
							"lerp_mode": "catmullrom"
						},
						"0.28": {
							"post": [9.85108, -44.13603, -14.00194],
							"lerp_mode": "catmullrom"
						},
						"0.56": {
							"post": [14.51082, -43.07952, -20.75357],
							"lerp_mode": "catmullrom"
						}
					}
				},
				"leg_back_right": {
					"rotation": {
						"0.0": {
							"post": [14.51082, 43.07952, 20.75357],
							"lerp_mode": "catmullrom"
						},