{
	"format_version": "1.8.0",
	"animations": {
		"animation.trumbeak.faint": {
			"loop": true
		},
		"animation.trumbeak.ground_idle": {
			"loop": true,
			"animation_length": 0.5,
			"bones": {
				"full_body": {
					"rotation": {
						"0.0": [0, 0, 0],
						"0.25": [0, -2.5, 0],
						"0.5": [0, 0, 0]
					},
					"position": {
						"0.0": [0, 15, 0.5],
						"0.25": [0, 18, 0.5],
						"0.5": [0, 15, 0.5]
					}
				},
				"body": {
					"rotation": [0, 0, 22.5]
				},
				"tail": {
					"rotation": {
						"0.0": [0, 0, 57.5],
						"0.25": [0, 0, 10],
						"0.5": [0, 0, 57.5]
					}
				},
				"left_wing": {
					"rotation": {
						"0.0": [-116.06663, 9.08661, 92.89244],
						"0.25": [-57.5, 0, 75],
						"0.5": [-116.06663, 9.08661, 92.89244]
					},
					"position": [4, -3, 0]
				},
				"head": {
					"rotation": {
						"0.0": [0, 0, 7.5],
						"0.25": [0, 0, -15],
						"0.5": [0, 0, 7.5]
					},
					"position": [1, -0.5, 0]
				},
				"left_leg": {
					"rotation": {
						"0.0": [-12.5, 0, 55],
						"0.25": [-10.86284, 5.55502, 81.70578],
						"0.5": [-12.5, 0, 55]
					},
					"position": [0, -1, 0]
				},
				"bone": {
					"rotation": {
						"0.0": [0, 0, -45],
						"0.25": [0, -10, -102.5],
						"0.5": [0, 0, -45]
					},
					"position": [0, 0, 0]
				},
				"right_leg": {
					"rotation": {
						"0.0": [12.5, 0, 55],
						"0.25": [10.86284, -5.55502, 81.70578],
						"0.5": [12.5, 0, 55]
					},
					"position": [0, -1, 0]
				},
				"bone2": {
					"rotation": {
						"0.0": [0, 0, -45],
						"0.25": [0, 10, -102.5],
						"0.5": [0, 0, -45]
					}
				},
				"bone3": {
					"rotation": {
						"0.0": [-237.5, 0, 0],
						"0.1667": [-135, 0, 0],
						"0.5": [-237.5, 0, 0]
					}
				},
				"right_wing": {
					"rotation": {
						"0.0": [116.06663, -9.08661, 87.89244],
						"0.25": [57.5, 0, 70],
						"0.5": [116.06663, -9.08661, 87.89244]
					},
					"position": [4, -3, 0]
				},
				"bone4": {
					"rotation": {
						"0.0": [237.5, 0, 0],
						"0.1667": [135, 0, 0],
						"0.5": [237.5, 0, 0]
					},
					"position": [0, 0, 0]
				}
			}
		},
		"animation.trumbeak.ground_walk": {
			"loop": true,
			"animation_length": 0.5,
			"bones": {
				"full_body": {
					"rotation": {
						"0.0": [0, 0, 0],
						"0.25": [0, 0, -7.5],
						"0.5": [0, 0, 0]
					},
					"position": {
						"0.0": [0, 15, 0.5],
						"0.25": [0, 18, 0.5],
						"0.5": [0, 15, 0.5]
					}
				},
				"body": {
					"rotation": [0, 0, 22.5]
				},
				"tail": {
					"rotation": {
						"0.0": [0, 0, 57.5],
						"0.25": [0, 0, 10],
						"0.5": [0, 0, 57.5]
					}
				},
				"left_wing": {
					"rotation": {
						"0.0": [-116.06663, 9.08661, 92.89244],
						"0.25": [-57.5, 0, 75],
						"0.5": [-116.06663, 9.08661, 92.89244]
					},
					"position": [4, -3, 0]
				},
				"head": {
					"rotation": {
						"0.0": [0, 0, 7.5],
						"0.25": [0, 0, 2.5],
						"0.5": [0, 0, 7.5]
					},
					"position": [1, -0.5, 0]
				},
				"left_leg": {
					"rotation": {
						"0.0": [-12.5, 0, 55],
						"0.25": [-10.86284, 5.55502, 81.70578],
						"0.5": [-12.5, 0, 55]
					},
					"position": [0, -1, 0]
				},
				"bone": {
					"rotation": {
						"0.0": [0, 0, -45],
						"0.25": [0, -10, -102.5],
						"0.5": [0, 0, -45]
					},
					"position": [0, 0, 0]
				},
				"right_leg": {
					"rotation": {
						"0.0": [12.5, 0, 55],
						"0.25": [10.86284, -5.55502, 81.70578],
						"0.5": [12.5, 0, 55]
					},
					"position": [0, -1, 0]
				},
				"bone2": {
					"rotation": {
						"0.0": [0, 0, -45],
						"0.25": [0, 10, -102.5],
						"0.5": [0, 0, -45]
					}
				},
				"bone3": {
					"rotation": {
						"0.0": [-237.5, 0, 0],
						"0.1667": [-135, 0, 0],
						"0.5": [-237.5, 0, 0]
					}
				},
				"right_wing": {
					"rotation": {
						"0.0": [116.06663, -9.08661, 87.89244],
						"0.25": [57.5, 0, 70],
						"0.5": [116.06663, -9.08661, 87.89244]
					},
					"position": [4, -3, 0]
				},
				"bone4": {
					"rotation": {
						"0.0": [237.5, 0, 0],
						"0.1667": [135, 0, 0],
						"0.5": [237.5, 0, 0]
					},
					"position": [0, 0, 0]
				}
			}
		}
	},
	"geckolib_format_version": 2
}