{
  "format_version": "1.8.0",
  "animations": {
    "animation.irontreads.ground_idle": {
      "loop": true,
      "animation_length": 2.375,
      "bones": {
        "Segment1": {
          "position": {
            "0.0": [0, 0, 0],
            "0.9583": [0, 0, -0.25],
            "2.0833": [0, 0, 0]
          }
        },
        "Segment2": {
          "position": {
            "0.0": [0, 0, 0],
            "0.9583": [0, 0, -0.25],
            "2.0833": [0, 0, 0]
          }
        },
        "Segment3": {
          "position": {
            "0.0": [0, 0, 0],
            "0.9583": [0, 0, -0.25],
            "2.0833": [0, 0, 0]
          }
        },
        "Segment4": {
          "position": {
            "0.0": [0, 0, 0],
            "0.9583": [0, 0, -0.25],
            "2.0833": [0, 0, 0]
          }
        },
        "Segment5": {
          "position": {
            "0.0": [0, 0, 0],
            "0.9583": [0, 0.25, 0],
            "2.0833": [0, 0, 0]
          }
        },
        "Segment6": {
          "position": {
            "0.9167": [0, 0.25, 0],
            "1.5417": [0, 0, 0]
          }
        },
        "Segment7": {
          "position": [0, 0, 0]
        },
        "Segment8": {
          "position": [0, 0, 0]
        },
        "Ear1": {
          "rotation": {
            "0.375": [0, 0, 32.5],
            "0.7917": [0, 0, 44.75],
            "1.4583": [0, 0, 0],
            "2.1667": [0, 0, 37.5]
          }
        },
        "Ear2": {
          "rotation": {
            "0.4167": [0, 0, -35],
            "0.7917": [0, 0, -44.62],
            "1.4583": [0, 0, 0],
            "2.1667": [0, 0, -37.5]
          }
        },
        "Head": {
          "position": {
            "0.875": [0, 0.25, 0],
            "1.6667": [0, 0, 0],
            "2.25": [0, 0, 0]
          }
        },
        "TL_leg": {
          "rotation": {
            "0.0": [0, 25, 0],
            "0.75": [1.16524, 24.97457, 2.75806],
            "1.625": [0, 25, 0]
          }
        },
        "TR_leg": {
          "rotation": {
            "0.0": [0, -17.5, 0],
            "0.75": [0.78795, -17.48281, -2.62116],
            "1.625": [-0.78795, -17.48281, 2.62116]
          }
        },
        "BL_leg": {
          "rotation": {
            "0.0": [0, -17.5, 0],
            "0.75": [-0.78795, -17.48281, 2.62116],
            "1.625": [0, -17.5, 0]
          }
        },
        "BR_leg": {
          "rotation": {
            "0.0": [0, 10, 0],
            "0.75": [-0.44067, 9.99038, -2.53852],
            "1.625": [0, 10, 0]
          }
        },
        "Body": {
          "position": {
            "0.375": [0, 0.25, 0],
            "0.8333": [0, 0, 0],
            "1.625": [0, 0.25, 0],
            "2.1667": [0, 0, 0]
          }
        },
        "IronTreads": {
          "position": {
            "0.0": [0, 0, 0],
            "0.875": [0, 0.25, 0],
            "1.5833": [0, 0, 0]
          }
        }
      }
    },
    "animation.irontreads.ground_walk": {
      "loop": true,
      "animation_length": 1.08333,
      "bones": {
        "IronTreads": {
          "position": {
            "0.0": [0, 0, 0],
            "0.3333": [0, 0.25, 0],
            "0.5417": [0, 0, 0],
            "0.75": [0, 0.25, 0],
            "0.9583": [0, 0, 0]
          }
        },
        "TL_leg": {
          "rotation": {
            "0.0": [0, -12.5, 0],
            "0.3333": [-2.74715, -12.19908, 12.79362],
            "0.625": [-15.24715, -12.19908, 12.79362],
            "0.7917": [-2.74715, -12.19908, 12.79362],
            "0.9583": [0, -15, 0]
          }
        },
        "TR_leg": {
          "rotation": {
            "0.0": [0, 10, 0],
            "0.3333": [2.18558, 9.76061, 12.68664],
            "0.625": [2.15395, -0.23226, 12.3072],
            "0.7917": [2.15317, 0.23934, -0.18394],
            "0.9583": [2.20745, 12.73036, 0.29373]
          }
        },
        "BL_leg": {
          "rotation": {
            "0.0": [0, 17.5, 0],
            "0.3333": [-3.90399, 17.07228, -13.08619],
            "0.625": [-4.29027, 29.54066, -14.05672],
            "0.7917": [2.84879, 29.69883, 0.33039],
            "0.9583": [2.62842, 19.71017, -0.19488]
          }
        },
        "BR_leg": {
          "rotation": {
            "0.0": [0, -20, 0],
            "0.3333": [4.50432, -19.50645, -13.27463],
            "0.625": [5.00579, -31.96388, -14.42267],
            "0.7917": [-2.86582, -32.19878, 0.33915],
            "0.9583": [-2.57583, -19.71272, -0.31948]
          }
        },
        "Segment5": {
          "position": {
            "0.0": [0, 0, 0],
            "0.5": [0, 0.25, 0],
            "1.0": [0, 0, 0]
          }
        },
        "Segment7": {
          "rotation": {
            "0.2917": [-2.5, 0, 0],
            "0.5833": [0, 0, 0],
            "0.8333": [-2.5, 0, 0]
          },
          "position": {
            "0.0": [0, 0, 0],
            "1.0": [0, 0, 0]
          }
        },
        "Segment8": {
          "rotation": {
            "0.2083": [-2.5, 0, 0],
            "0.5417": [0, 0, 0],
            "0.8333": [-2.5, 0, 0],
            "1.0": [-2.5, 0, 0]
          },
          "position": [0, 0, 0]
        },
        "Segment9": {
          "rotation": {
            "0.25": [-2.5, 0, 0],
            "0.5417": [0, 0, 0],
            "0.8333": [-2.5, 0, 0],
            "1.0417": [-2.5, 0, 0]
          },
          "position": [0, 0, 0]
        },
        "Ear1": {
          "rotation": {
            "0.2917": [0, 0, 2.5],
            "0.7083": [0, 0, 0]
          },
          "position": {
            "0.0": [0, 0, 0],
            "1.0": [0, 0, 0]
          }
        },
        "Ear2": {
          "rotation": {
            "0.3333": [0, 0, -5],
            "0.7083": [0, 0, -2.5]
          },
          "position": {
            "0.0": [0, 0, 0],
            "1.0": [0, 0, 0]
          }
        }
      }
    },
    "animation.irontreads.faint": {
      "animation_length": 1,
      "bones": {
        "IronTreads": {
          "position": {
            "0.0": [0, 0, 0],
            "0.2917": [0, -2.82, 0]
          }
        },
        "Segment5": {
          "rotation": {
            "0.0": [-15, 0, 0],
            "0.0833": [-60, 0, 0],
            "0.3333": [15, 0, 0]
          },
          "position": {
            "0.0": [0, 0.5, 0],
            "0.3333": [0, 0, 0]
          }
        },
        "Segment4": {
          "rotation": {
            "0.0": [0, 0, 0],
            "0.1667": [-55, 0, 0],
            "0.5417": [-12.5, 0, 0]
          },
          "position": {
            "0.0": [0, 0, 0],
            "0.5417": [0, -1, 0]
          }
        },
        "Segment3": {
          "rotation": {
            "0.0": [20, 0, 0],
            "0.5417": [-75, 0, 0]
          },
          "position": {
            "0.0": [0, 0, 0],
            "0.5417": [0, 0, 0]
          }
        },
        "Segment2": {
          "rotation": {
            "0.0": [2.5, 0, 0],
            "0.5417": [-72.5, 0, 0]
          },
          "position": [0, 0, 0]
        },
        "Segment1": {
          "position": [0, 0, 0]
        },
        "Segment7": {
          "rotation": {
            "0.0": [2.5, 0, 0],
            "0.375": [-32.5, 0, 0]
          },
          "position": [0, -1, -1]
        },
        "Ear1": {
          "rotation": {
            "0.0": [0, 0, 0],
            "0.3333": [0, 0, -20],
            "0.9583": [0, 0, 70]
          }
        },
        "Ear2": {
          "rotation": {
            "0.0": [0, 0, 0],
            "0.3333": [0, 0, 17.5],
            "0.9583": [0, 0, -80]
          }
        },
        "TL_leg": {
          "rotation": {
            "0.0": [0, 0, 5],
            "0.2083": [0, 0, -22.5]
          }
        },
        "TR_leg": {
          "rotation": {
            "0.0": [0, 0, -5],
            "0.2083": [0, 0, 27.5]
          }
        },